{
  "accuracy": 0.8893975019454956,
  "loss": 0.4510333240032196,
  "val_accuracy": 0.8053392767906189,
  "val_loss": 0.9057442545890808,
  "epoch": 3,
  "global_step": 1012
}