{
  "accuracy": 0.6415934562683105,
  "loss": 3.2661283016204834,
  "val_accuracy": 0.7263626456260681,
  "val_loss": 3.0635221004486084,
  "epoch": 0,
  "global_step": 127
}