{
  "accuracy": 0.864159345626831,
  "loss": 0.5737040042877197,
  "val_accuracy": 0.8142380714416504,
  "val_loss": 0.8924276828765869,
  "epoch": 2,
  "global_step": 759
}