{
  "accuracy": 0.8548806309700012,
  "loss": 0.6377772092819214,
  "val_accuracy": 0.8164627552032471,
  "val_loss": 0.8272716403007507,
  "epoch": 1,
  "global_step": 506
}