{
  "accuracy": 0.8609427213668823,
  "loss": 0.5881593227386475,
  "val_accuracy": 0.8131256699562073,
  "val_loss": 0.8952723741531372,
  "epoch": 2,
  "global_step": 759
}