{
  "accuracy": 0.859952986240387,
  "loss": 0.5687227845191956,
  "val_accuracy": 0.8131256699562073,
  "val_loss": 0.8910999298095703,
  "epoch": 2,
  "global_step": 759
}