{
  "accuracy": 0.8600767254829407,
  "loss": 0.573538064956665,
  "val_accuracy": 0.8020022511482239,
  "val_loss": 0.8925458788871765,
  "epoch": 2,
  "global_step": 759
}